File,Address,Hop,IP,Average Time
2024-03-28_07.txt,www.harvard.edu,1,139.222.0.1,1.37
2024-03-28_07.txt,www.harvard.edu,2,10.0.0.1,6.64
2024-03-28_07.txt,www.harvard.edu,3,193.62.92.125,0.66
2024-03-28_07.txt,www.harvard.edu,4,10.11.1.0,0.92
2024-03-28_07.txt,www.harvard.edu,5,146.97.130.237,6.49
2024-03-28_07.txt,www.harvard.edu,6,146.97.35.217,5.46
2024-03-28_07.txt,www.harvard.edu,7,146.97.33.61,5.44
2024-03-28_07.txt,www.harvard.edu,8,146.97.35.18,5.44
2024-03-28_07.txt,www.cuhk.edu.hk,1,139.222.0.1,1.93
2024-03-28_07.txt,www.cuhk.edu.hk,2,10.0.0.1,15.54
2024-03-28_07.txt,www.cuhk.edu.hk,3,193.62.92.125,1.05
2024-03-28_07.txt,www.cuhk.edu.hk,4,10.11.1.0,1.31
2024-03-28_07.txt,www.cuhk.edu.hk,5,146.97.130.237,5.81
2024-03-28_07.txt,www.cuhk.edu.hk,6,146.97.35.217,6.03
2024-03-28_07.txt,www.cuhk.edu.hk,7,146.97.33.61,6.83
2024-03-28_07.txt,www.cuhk.edu.hk,8,146.97.35.194,5.54
2024-03-28_07.txt,www.cuhk.edu.hk,9,104.44.37.109,6.3
2024-03-28_07.txt,www.cuhk.edu.hk,10,104.44.230.146,7.65
2024-03-28_07.txt,www.cuhk.edu.hk,11,104.44.32.10,306.43
2024-03-28_07.txt,www.cuhk.edu.hk,12,104.44.17.133,302.11
2024-03-28_07.txt,www.cuhk.edu.hk,13,104.44.29.155,263.34
2024-03-28_07.txt,www.cuhk.edu.hk,14,104.44.17.152,380.13
2024-03-28_07.txt,www.cuhk.edu.hk,15,104.44.17.201,304.55
2024-03-28_07.txt,www.cuhk.edu.hk,16,104.44.19.125,258.04
2024-03-28_07.txt,www.cuhk.edu.hk,17,104.44.19.108,201.93
2024-03-28_07.txt,www.cuhk.edu.hk,18,104.44.28.249,294.78
2024-03-28_07.txt,www.cuhk.edu.hk,19,104.44.16.226,304.23
2024-03-28_07.txt,www.cuhk.edu.hk,20,104.44.16.86,295.27
2024-03-28_07.txt,www.cuhk.edu.hk,21,104.44.16.217,246.63
2024-03-28_07.txt,www.cuhk.edu.hk,22,104.44.16.253,305.52
2024-03-28_07.txt,www.cuhk.edu.hk,23,104.44.11.120,239.19
2024-03-28_07.txt,www.cuhk.edu.hk,24,104.44.11.124,243.31
2024-03-28_07.txt,www.unimelb.edu.au,1,139.222.0.1,2.59
2024-03-28_07.txt,www.unimelb.edu.au,2,10.0.0.1,15.89
2024-03-28_07.txt,www.unimelb.edu.au,3,193.62.92.125,2.15
2024-03-28_07.txt,www.unimelb.edu.au,4,10.11.1.0,2.03
2024-03-28_07.txt,www.unimelb.edu.au,5,146.97.130.237,6.46
2024-03-28_07.txt,www.unimelb.edu.au,6,146.97.35.217,6.12
2024-03-28_07.txt,www.unimelb.edu.au,7,146.97.33.5,6.0
2024-03-28_07.txt,www.unimelb.edu.au,8,146.97.33.22,10.88
2024-03-28_07.txt,www.unimelb.edu.au,9,146.97.33.42,12.12
2024-03-28_07.txt,www.unimelb.edu.au,10,146.97.35.190,12.21
2024-03-28_07.txt,www.unimelb.edu.au,11,162.158.32.34,12.47
2024-03-28_07.txt,www.unimelb.edu.au,12,162.158.32.45,19.12
2024-03-28_07.txt,www.unimelb.edu.au,13,104.18.16.217,13.02
2024-03-28_07.txt,www5.usp.br,1,139.222.0.1,1.76
2024-03-28_07.txt,www5.usp.br,2,10.0.0.1,7.57
2024-03-28_07.txt,www5.usp.br,3,193.62.92.125,1.01
2024-03-28_07.txt,www5.usp.br,4,10.11.1.0,1.28
2024-03-28_07.txt,www5.usp.br,5,146.97.130.237,5.6
2024-03-28_07.txt,www5.usp.br,6,146.97.35.217,5.63
2024-03-28_07.txt,www5.usp.br,7,146.97.33.5,6.51
2024-03-28_07.txt,www5.usp.br,8,146.97.33.1,6.64
2024-03-28_07.txt,www5.usp.br,9,62.40.124.197,6.75
2024-03-28_07.txt,www5.usp.br,10,62.40.98.65,39.19
2024-03-28_07.txt,www5.usp.br,11,62.40.98.107,39.08
2024-03-28_07.txt,www5.usp.br,12,62.40.98.222,39.71
2024-03-28_07.txt,www5.usp.br,13,62.40.98.221,35.77
2024-03-28_07.txt,www5.usp.br,14,62.40.98.92,38.96
2024-03-28_07.txt,www5.usp.br,15,62.40.127.151,101.45
2024-03-28_07.txt,www5.usp.br,16,200.0.204.33,142.69
2024-03-28_07.txt,www5.usp.br,17,200.0.204.214,142.02
2024-03-28_07.txt,www5.usp.br,19,143.107.249.38,142.05
2024-03-28_13.txt,www.harvard.edu,1,139.222.0.1,11.86
2024-03-28_13.txt,www.harvard.edu,2,10.0.0.1,7.39
2024-03-28_13.txt,www.harvard.edu,3,193.62.92.125,1.04
2024-03-28_13.txt,www.harvard.edu,4,10.11.1.0,0.94
2024-03-28_13.txt,www.harvard.edu,5,146.97.130.237,8.12
2024-03-28_13.txt,www.harvard.edu,6,146.97.35.217,8.66
2024-03-28_13.txt,www.harvard.edu,7,146.97.33.61,9.2
2024-03-28_13.txt,www.harvard.edu,8,146.97.35.18,7.53
2024-03-28_13.txt,www.cuhk.edu.hk,1,139.222.0.1,1.41
2024-03-28_13.txt,www.cuhk.edu.hk,2,10.0.0.1,6.96
2024-03-28_13.txt,www.cuhk.edu.hk,3,193.62.92.125,0.79
2024-03-28_13.txt,www.cuhk.edu.hk,4,10.11.1.0,1.29
2024-03-28_13.txt,www.cuhk.edu.hk,5,146.97.130.237,5.65
2024-03-28_13.txt,www.cuhk.edu.hk,6,146.97.35.217,6.06
2024-03-28_13.txt,www.cuhk.edu.hk,7,146.97.35.182,6.82
2024-03-28_13.txt,www.cuhk.edu.hk,8,99.82.180.146,7.02
2024-03-28_13.txt,www.unimelb.edu.au,1,139.222.0.1,2.09
2024-03-28_13.txt,www.unimelb.edu.au,2,10.0.0.1,7.88
2024-03-28_13.txt,www.unimelb.edu.au,3,193.62.92.125,1.14
2024-03-28_13.txt,www.unimelb.edu.au,4,10.11.1.0,1.19
2024-03-28_13.txt,www.unimelb.edu.au,5,146.97.130.237,5.57
2024-03-28_13.txt,www.unimelb.edu.au,6,146.97.35.217,6.3
2024-03-28_13.txt,www.unimelb.edu.au,7,146.97.33.5,6.49
2024-03-28_13.txt,www.unimelb.edu.au,8,146.97.33.22,10.22
2024-03-28_13.txt,www.unimelb.edu.au,9,146.97.33.42,12.77
2024-03-28_13.txt,www.unimelb.edu.au,10,146.97.35.190,12.75
2024-03-28_13.txt,www.unimelb.edu.au,11,162.158.32.34,15.0
2024-03-28_13.txt,www.unimelb.edu.au,12,162.158.32.45,12.43
2024-03-28_13.txt,www.unimelb.edu.au,13,104.18.17.217,12.18
2024-03-28_13.txt,www5.usp.br,1,139.222.0.1,1.77
2024-03-28_13.txt,www5.usp.br,2,10.0.0.1,7.09
2024-03-28_13.txt,www5.usp.br,3,193.62.92.125,1.37
2024-03-28_13.txt,www5.usp.br,4,10.11.1.0,1.32
2024-03-28_13.txt,www5.usp.br,5,146.97.130.237,6.57
2024-03-28_13.txt,www5.usp.br,6,146.97.35.217,5.94
2024-03-28_13.txt,www5.usp.br,7,146.97.33.5,6.39
2024-03-28_13.txt,www5.usp.br,8,146.97.33.1,6.94
2024-03-28_13.txt,www5.usp.br,9,62.40.124.197,7.96
2024-03-28_13.txt,www5.usp.br,10,62.40.98.65,38.9
2024-03-28_13.txt,www5.usp.br,11,62.40.98.107,38.7
2024-03-28_13.txt,www5.usp.br,12,62.40.98.222,40.5
2024-03-28_13.txt,www5.usp.br,13,62.40.98.221,36.1
2024-03-28_13.txt,www5.usp.br,14,62.40.98.92,42.06
2024-03-28_13.txt,www5.usp.br,15,62.40.127.151,102.33
2024-03-28_13.txt,www5.usp.br,16,200.0.204.33,142.25
2024-03-28_13.txt,www5.usp.br,17,200.0.204.214,141.86
2024-03-28_13.txt,www5.usp.br,19,143.107.249.38,143.32
2024-03-28_12.txt,www.harvard.edu,1,139.222.0.1,1.11
2024-03-28_12.txt,www.harvard.edu,2,10.0.0.1,6.52
2024-03-28_12.txt,www.harvard.edu,3,193.62.92.125,0.75
2024-03-28_12.txt,www.harvard.edu,4,10.11.1.0,1.02
2024-03-28_12.txt,www.harvard.edu,5,146.97.130.237,5.43
2024-03-28_12.txt,www.harvard.edu,6,146.97.35.217,5.56
2024-03-28_12.txt,www.harvard.edu,7,146.97.33.61,5.48
2024-03-28_12.txt,www.harvard.edu,8,146.97.35.18,6.59
2024-03-28_12.txt,www.cuhk.edu.hk,1,139.222.0.1,2.74
2024-03-28_12.txt,www.cuhk.edu.hk,2,10.0.0.1,8.58
2024-03-28_12.txt,www.cuhk.edu.hk,3,193.62.92.125,2.0
2024-03-28_12.txt,www.cuhk.edu.hk,4,10.11.1.0,1.77
2024-03-28_12.txt,www.cuhk.edu.hk,5,146.97.130.237,6.14
2024-03-28_12.txt,www.cuhk.edu.hk,6,146.97.35.217,19.17
2024-03-28_12.txt,www.cuhk.edu.hk,7,146.97.35.182,7.84
2024-03-28_12.txt,www.cuhk.edu.hk,8,99.82.180.146,20.49
2024-03-28_12.txt,www.unimelb.edu.au,1,139.222.0.1,1.27
2024-03-28_12.txt,www.unimelb.edu.au,2,10.0.0.1,6.85
2024-03-28_12.txt,www.unimelb.edu.au,3,193.62.92.125,1.22
2024-03-28_12.txt,www.unimelb.edu.au,4,10.11.1.0,1.19
2024-03-28_12.txt,www.unimelb.edu.au,5,146.97.130.237,5.45
2024-03-28_12.txt,www.unimelb.edu.au,6,146.97.35.217,5.92
2024-03-28_12.txt,www.unimelb.edu.au,7,146.97.33.5,6.3
2024-03-28_12.txt,www.unimelb.edu.au,8,146.97.33.22,10.1
2024-03-28_12.txt,www.unimelb.edu.au,9,146.97.33.42,11.74
2024-03-28_12.txt,www.unimelb.edu.au,10,146.97.35.190,11.78
2024-03-28_12.txt,www.unimelb.edu.au,11,162.158.32.34,14.76
2024-03-28_12.txt,www.unimelb.edu.au,12,162.158.32.45,15.8
2024-03-28_12.txt,www.unimelb.edu.au,13,104.18.17.217,12.11
2024-03-28_12.txt,www5.usp.br,1,139.222.0.1,2.65
2024-03-28_12.txt,www5.usp.br,2,10.0.0.1,25.52
2024-03-28_12.txt,www5.usp.br,3,193.62.92.125,1.4
2024-03-28_12.txt,www5.usp.br,4,10.11.1.0,1.37
2024-03-28_12.txt,www5.usp.br,5,146.97.130.237,5.77
2024-03-28_12.txt,www5.usp.br,6,146.97.35.217,5.79
2024-03-28_12.txt,www5.usp.br,7,146.97.33.5,6.15
2024-03-28_12.txt,www5.usp.br,8,146.97.33.1,6.59
2024-03-28_12.txt,www5.usp.br,9,62.40.124.197,7.08
2024-03-28_12.txt,www5.usp.br,10,62.40.98.65,39.04
2024-03-28_12.txt,www5.usp.br,11,62.40.98.107,39.03
2024-03-28_12.txt,www5.usp.br,12,62.40.98.222,38.91
2024-03-28_12.txt,www5.usp.br,13,62.40.98.221,35.77
2024-03-28_12.txt,www5.usp.br,14,62.40.98.92,39.17
2024-03-28_12.txt,www5.usp.br,15,62.40.127.151,101.51
2024-03-28_12.txt,www5.usp.br,16,200.0.204.33,141.79
2024-03-28_12.txt,www5.usp.br,17,200.0.204.214,141.33
2024-03-28_12.txt,www5.usp.br,19,143.107.249.38,142.65
2024-03-28_06.txt,www.harvard.edu,1,139.222.0.1,1.23
2024-03-28_06.txt,www.harvard.edu,2,10.0.0.1,7.37
2024-03-28_06.txt,www.harvard.edu,3,193.62.92.125,0.95
2024-03-28_06.txt,www.harvard.edu,4,10.11.1.0,1.37
2024-03-28_06.txt,www.harvard.edu,5,146.97.130.237,5.71
2024-03-28_06.txt,www.harvard.edu,6,146.97.35.217,5.56
2024-03-28_06.txt,www.harvard.edu,7,146.97.33.61,5.74
2024-03-28_06.txt,www.harvard.edu,8,146.97.35.18,5.49
2024-03-28_06.txt,www.cuhk.edu.hk,1,139.222.0.1,1.8
2024-03-28_06.txt,www.cuhk.edu.hk,2,10.0.0.1,6.69
2024-03-28_06.txt,www.cuhk.edu.hk,3,193.62.92.125,2.36
2024-03-28_06.txt,www.cuhk.edu.hk,4,10.11.1.0,2.08
2024-03-28_06.txt,www.cuhk.edu.hk,5,146.97.130.237,6.28
2024-03-28_06.txt,www.cuhk.edu.hk,6,146.97.35.217,6.94
2024-03-28_06.txt,www.cuhk.edu.hk,7,146.97.35.182,6.94
2024-03-28_06.txt,www.cuhk.edu.hk,8,99.82.180.146,6.67
2024-03-28_06.txt,www.unimelb.edu.au,1,139.222.0.1,1.48
2024-03-28_06.txt,www.unimelb.edu.au,2,10.0.0.1,6.52
2024-03-28_06.txt,www.unimelb.edu.au,3,193.62.92.125,0.78
2024-03-28_06.txt,www.unimelb.edu.au,4,10.11.1.0,0.98
2024-03-28_06.txt,www.unimelb.edu.au,5,146.97.130.237,5.52
2024-03-28_06.txt,www.unimelb.edu.au,6,146.97.35.217,7.54
2024-03-28_06.txt,www.unimelb.edu.au,7,146.97.33.5,6.37
2024-03-28_06.txt,www.unimelb.edu.au,8,146.97.33.22,12.03
2024-03-28_06.txt,www.unimelb.edu.au,9,146.97.33.42,12.15
2024-03-28_06.txt,www.unimelb.edu.au,10,146.97.35.190,12.42
2024-03-28_06.txt,www.unimelb.edu.au,11,162.158.32.34,27.38
2024-03-28_06.txt,www.unimelb.edu.au,12,162.158.32.45,13.22
2024-03-28_06.txt,www.unimelb.edu.au,13,104.18.17.217,12.0
2024-03-28_06.txt,www5.usp.br,1,139.222.0.1,1.13
2024-03-28_06.txt,www5.usp.br,2,10.0.0.1,6.99
2024-03-28_06.txt,www5.usp.br,3,193.62.92.125,0.84
2024-03-28_06.txt,www5.usp.br,4,10.11.1.0,1.33
2024-03-28_06.txt,www5.usp.br,5,146.97.130.237,5.67
2024-03-28_06.txt,www5.usp.br,6,146.97.35.217,5.81
2024-03-28_06.txt,www5.usp.br,7,146.97.33.5,7.23
2024-03-28_06.txt,www5.usp.br,8,146.97.33.1,14.19
2024-03-28_06.txt,www5.usp.br,9,62.40.124.197,6.89
2024-03-28_06.txt,www5.usp.br,10,62.40.98.65,39.14
2024-03-28_06.txt,www5.usp.br,11,62.40.98.107,39.08
2024-03-28_06.txt,www5.usp.br,12,62.40.98.222,41.02
2024-03-28_06.txt,www5.usp.br,13,62.40.98.221,36.4
2024-03-28_06.txt,www5.usp.br,14,62.40.98.92,39.86
2024-03-28_06.txt,www5.usp.br,15,62.40.127.151,102.14
2024-03-28_06.txt,www5.usp.br,16,200.0.204.33,141.53
2024-03-28_06.txt,www5.usp.br,17,200.0.204.214,141.45
2024-03-28_06.txt,www5.usp.br,19,143.107.249.38,142.7
2024-03-28_10.txt,www.harvard.edu,1,139.222.0.1,28.47
2024-03-28_10.txt,www.harvard.edu,2,10.0.0.1,7.27
2024-03-28_10.txt,www.harvard.edu,3,193.62.92.125,0.69
2024-03-28_10.txt,www.harvard.edu,4,10.11.1.0,1.16
2024-03-28_10.txt,www.harvard.edu,5,146.97.130.237,5.38
2024-03-28_10.txt,www.harvard.edu,6,146.97.35.217,5.87
2024-03-28_10.txt,www.harvard.edu,7,146.97.33.61,5.67
2024-03-28_10.txt,www.harvard.edu,8,146.97.35.18,8.37
2024-03-28_10.txt,www.cuhk.edu.hk,1,139.222.0.1,1.26
2024-03-28_10.txt,www.cuhk.edu.hk,2,10.0.0.1,7.02
2024-03-28_10.txt,www.cuhk.edu.hk,3,193.62.92.125,1.32
2024-03-28_10.txt,www.cuhk.edu.hk,4,10.11.1.0,1.64
2024-03-28_10.txt,www.cuhk.edu.hk,5,146.97.130.237,5.79
2024-03-28_10.txt,www.cuhk.edu.hk,6,146.97.35.217,5.68
2024-03-28_10.txt,www.cuhk.edu.hk,7,146.97.35.182,6.67
2024-03-28_10.txt,www.cuhk.edu.hk,8,99.82.180.146,34.17
2024-03-28_10.txt,www.unimelb.edu.au,1,139.222.0.1,2.27
2024-03-28_10.txt,www.unimelb.edu.au,2,10.0.0.1,6.9
2024-03-28_10.txt,www.unimelb.edu.au,3,193.62.92.125,1.73
2024-03-28_10.txt,www.unimelb.edu.au,4,10.11.1.0,1.74
2024-03-28_10.txt,www.unimelb.edu.au,5,146.97.130.237,5.7
2024-03-28_10.txt,www.unimelb.edu.au,6,146.97.35.217,5.74
2024-03-28_10.txt,www.unimelb.edu.au,7,146.97.33.5,6.67
2024-03-28_10.txt,www.unimelb.edu.au,8,146.97.33.22,10.25
2024-03-28_10.txt,www.unimelb.edu.au,9,146.97.33.42,12.08
2024-03-28_10.txt,www.unimelb.edu.au,10,146.97.35.190,11.85
2024-03-28_10.txt,www.unimelb.edu.au,11,162.158.32.34,12.45
2024-03-28_10.txt,www.unimelb.edu.au,12,162.158.32.45,12.05
2024-03-28_10.txt,www.unimelb.edu.au,13,104.18.17.217,11.88
2024-03-28_10.txt,www5.usp.br,1,139.222.0.1,4.85
2024-03-28_10.txt,www5.usp.br,2,10.0.0.1,15.3
2024-03-28_10.txt,www5.usp.br,3,193.62.92.125,2.47
2024-03-28_10.txt,www5.usp.br,4,10.11.1.0,3.16
2024-03-28_10.txt,www5.usp.br,5,146.97.130.237,7.26
2024-03-28_10.txt,www5.usp.br,6,146.97.35.217,5.83
2024-03-28_10.txt,www5.usp.br,7,146.97.33.5,6.88
2024-03-28_10.txt,www5.usp.br,8,146.97.33.1,7.53
2024-03-28_10.txt,www5.usp.br,9,62.40.124.197,12.8
2024-03-28_10.txt,www5.usp.br,10,62.40.98.65,38.92
2024-03-28_10.txt,www5.usp.br,11,62.40.98.107,39.86
2024-03-28_10.txt,www5.usp.br,12,62.40.98.222,39.5
2024-03-28_10.txt,www5.usp.br,13,62.40.98.221,36.18
2024-03-28_10.txt,www5.usp.br,14,62.40.98.92,39.08
2024-03-28_10.txt,www5.usp.br,15,62.40.127.151,101.69
2024-03-28_10.txt,www5.usp.br,16,200.0.204.33,141.79
2024-03-28_10.txt,www5.usp.br,17,200.0.204.214,141.54
2024-03-28_10.txt,www5.usp.br,19,143.107.249.38,142.76
2024-03-28_04.txt,www.harvard.edu,1,139.222.0.1,1.01
2024-03-28_04.txt,www.harvard.edu,2,10.0.0.1,18.65
2024-03-28_04.txt,www.harvard.edu,3,193.62.92.125,4.65
2024-03-28_04.txt,www.harvard.edu,4,10.11.1.0,4.45
2024-03-28_04.txt,www.harvard.edu,5,146.97.130.237,5.52
2024-03-28_04.txt,www.harvard.edu,6,146.97.35.217,5.41
2024-03-28_04.txt,www.harvard.edu,7,146.97.33.61,5.81
2024-03-28_04.txt,www.harvard.edu,8,146.97.35.18,5.99
2024-03-28_04.txt,www.cuhk.edu.hk,1,139.222.0.1,1.21
2024-03-28_04.txt,www.cuhk.edu.hk,2,10.0.0.1,7.21
2024-03-28_04.txt,www.cuhk.edu.hk,3,193.62.92.125,0.66
2024-03-28_04.txt,www.cuhk.edu.hk,4,10.11.1.0,0.92
2024-03-28_04.txt,www.cuhk.edu.hk,5,146.97.130.237,5.57
2024-03-28_04.txt,www.cuhk.edu.hk,6,146.97.35.217,5.76
2024-03-28_04.txt,www.cuhk.edu.hk,7,146.97.35.182,6.47
2024-03-28_04.txt,www.cuhk.edu.hk,8,99.82.180.146,6.4
2024-03-28_04.txt,www.unimelb.edu.au,1,139.222.0.1,1.33
2024-03-28_04.txt,www.unimelb.edu.au,2,10.0.0.1,10.51
2024-03-28_04.txt,www.unimelb.edu.au,3,193.62.92.125,0.75
2024-03-28_04.txt,www.unimelb.edu.au,4,10.11.1.0,0.98
2024-03-28_04.txt,www.unimelb.edu.au,5,146.97.130.237,5.52
2024-03-28_04.txt,www.unimelb.edu.au,6,146.97.35.217,6.07
2024-03-28_04.txt,www.unimelb.edu.au,7,146.97.33.5,6.59
2024-03-28_04.txt,www.unimelb.edu.au,8,146.97.33.22,12.47
2024-03-28_04.txt,www.unimelb.edu.au,9,146.97.33.42,11.96
2024-03-28_04.txt,www.unimelb.edu.au,10,146.97.35.190,12.15
2024-03-28_04.txt,www.unimelb.edu.au,11,162.158.32.34,14.27
2024-03-28_04.txt,www.unimelb.edu.au,12,162.158.32.45,12.69
2024-03-28_04.txt,www.unimelb.edu.au,13,104.18.17.217,11.96
2024-03-28_04.txt,www5.usp.br,1,139.222.0.1,1.4
2024-03-28_04.txt,www5.usp.br,2,10.0.0.1,7.1
2024-03-28_04.txt,www5.usp.br,3,193.62.92.125,0.78
2024-03-28_04.txt,www5.usp.br,4,10.11.1.0,0.87
2024-03-28_04.txt,www5.usp.br,5,146.97.130.237,5.66
2024-03-28_04.txt,www5.usp.br,6,146.97.35.217,5.99
2024-03-28_04.txt,www5.usp.br,7,146.97.33.5,6.46
2024-03-28_04.txt,www5.usp.br,8,146.97.33.1,6.68
2024-03-28_04.txt,www5.usp.br,9,62.40.124.197,11.88
2024-03-28_04.txt,www5.usp.br,10,62.40.98.65,38.67
2024-03-28_04.txt,www5.usp.br,11,62.40.98.107,39.1
2024-03-28_04.txt,www5.usp.br,12,62.40.98.222,38.99
2024-03-28_04.txt,www5.usp.br,13,62.40.98.221,35.34
2024-03-28_04.txt,www5.usp.br,14,62.40.98.92,39.09
2024-03-28_04.txt,www5.usp.br,15,62.40.127.151,102.03
2024-03-28_04.txt,www5.usp.br,16,200.0.204.33,141.87
2024-03-28_04.txt,www5.usp.br,17,200.0.204.214,141.13
2024-03-28_04.txt,www5.usp.br,19,143.107.249.38,142.04
2024-03-28_05.txt,www.harvard.edu,1,139.222.0.1,2.42
2024-03-28_05.txt,www.harvard.edu,2,10.0.0.1,6.86
2024-03-28_05.txt,www.harvard.edu,3,193.62.92.125,1.32
2024-03-28_05.txt,www.harvard.edu,4,10.11.1.0,1.47
2024-03-28_05.txt,www.harvard.edu,5,146.97.130.237,9.53
2024-03-28_05.txt,www.harvard.edu,6,146.97.35.217,5.72
2024-03-28_05.txt,www.harvard.edu,7,146.97.33.61,6.3
2024-03-28_05.txt,www.harvard.edu,8,146.97.35.18,5.49
2024-03-28_05.txt,www.cuhk.edu.hk,1,139.222.0.1,1.57
2024-03-28_05.txt,www.cuhk.edu.hk,2,10.0.0.1,6.64
2024-03-28_05.txt,www.cuhk.edu.hk,3,193.62.92.125,1.05
2024-03-28_05.txt,www.cuhk.edu.hk,4,10.11.1.0,3.03
2024-03-28_05.txt,www.cuhk.edu.hk,5,146.97.130.237,5.66
2024-03-28_05.txt,www.cuhk.edu.hk,6,146.97.35.217,9.63
2024-03-28_05.txt,www.cuhk.edu.hk,7,146.97.35.182,7.01
2024-03-28_05.txt,www.cuhk.edu.hk,8,99.82.180.146,8.12
2024-03-28_05.txt,www.unimelb.edu.au,1,139.222.0.1,2.97
2024-03-28_05.txt,www.unimelb.edu.au,2,10.0.0.1,10.58
2024-03-28_05.txt,www.unimelb.edu.au,3,193.62.92.125,2.3
2024-03-28_05.txt,www.unimelb.edu.au,4,10.11.1.0,2.28
2024-03-28_05.txt,www.unimelb.edu.au,5,146.97.130.237,6.73
2024-03-28_05.txt,www.unimelb.edu.au,6,146.97.35.217,6.17
2024-03-28_05.txt,www.unimelb.edu.au,7,146.97.33.5,6.41
2024-03-28_05.txt,www.unimelb.edu.au,8,146.97.33.22,10.59
2024-03-28_05.txt,www.unimelb.edu.au,9,146.97.33.42,12.16
2024-03-28_05.txt,www.unimelb.edu.au,10,146.97.35.190,11.7
2024-03-28_05.txt,www.unimelb.edu.au,11,162.158.32.34,17.47
2024-03-28_05.txt,www.unimelb.edu.au,12,162.158.32.45,12.04
2024-03-28_05.txt,www.unimelb.edu.au,13,104.18.17.217,12.11
2024-03-28_05.txt,www5.usp.br,1,139.222.0.1,3.43
2024-03-28_05.txt,www5.usp.br,2,10.0.0.1,10.79
2024-03-28_05.txt,www5.usp.br,3,193.62.92.125,1.69
2024-03-28_05.txt,www5.usp.br,4,10.11.1.0,1.48
2024-03-28_05.txt,www5.usp.br,5,146.97.130.237,6.32
2024-03-28_05.txt,www5.usp.br,6,146.97.35.217,6.88
2024-03-28_05.txt,www5.usp.br,7,146.97.33.5,7.26
2024-03-28_05.txt,www5.usp.br,8,146.97.33.1,7.26
2024-03-28_05.txt,www5.usp.br,9,62.40.124.197,7.62
2024-03-28_05.txt,www5.usp.br,10,62.40.98.65,38.92
2024-03-28_05.txt,www5.usp.br,11,62.40.98.107,39.22
2024-03-28_05.txt,www5.usp.br,12,62.40.98.222,38.92
2024-03-28_05.txt,www5.usp.br,13,62.40.98.221,35.76
2024-03-28_05.txt,www5.usp.br,14,62.40.98.92,39.06
2024-03-28_05.txt,www5.usp.br,15,62.40.127.151,102.0
2024-03-28_05.txt,www5.usp.br,16,200.0.204.33,141.42
2024-03-28_05.txt,www5.usp.br,17,200.0.204.214,141.16
2024-03-28_05.txt,www5.usp.br,19,143.107.249.38,142.47
2024-03-28_11.txt,www.harvard.edu,1,139.222.0.1,1.34
2024-03-28_11.txt,www.harvard.edu,2,10.0.0.1,6.86
2024-03-28_11.txt,www.harvard.edu,3,193.62.92.125,0.68
2024-03-28_11.txt,www.harvard.edu,4,10.11.1.0,0.89
2024-03-28_11.txt,www.harvard.edu,5,146.97.130.237,5.38
2024-03-28_11.txt,www.harvard.edu,6,146.97.35.217,5.84
2024-03-28_11.txt,www.harvard.edu,7,146.97.33.61,5.58
2024-03-28_11.txt,www.harvard.edu,8,146.97.35.18,6.21
2024-03-28_11.txt,www.cuhk.edu.hk,1,139.222.0.1,1.98
2024-03-28_11.txt,www.cuhk.edu.hk,2,10.0.0.1,7.09
2024-03-28_11.txt,www.cuhk.edu.hk,3,193.62.92.125,1.07
2024-03-28_11.txt,www.cuhk.edu.hk,4,10.11.1.0,1.31
2024-03-28_11.txt,www.cuhk.edu.hk,5,146.97.130.237,5.43
2024-03-28_11.txt,www.cuhk.edu.hk,6,146.97.35.217,5.85
2024-03-28_11.txt,www.cuhk.edu.hk,7,146.97.35.182,6.68
2024-03-28_11.txt,www.cuhk.edu.hk,8,99.82.180.146,7.12
2024-03-28_11.txt,www.unimelb.edu.au,1,139.222.0.1,1.45
2024-03-28_11.txt,www.unimelb.edu.au,2,10.0.0.1,6.75
2024-03-28_11.txt,www.unimelb.edu.au,3,193.62.92.125,0.69
2024-03-28_11.txt,www.unimelb.edu.au,4,10.11.1.0,0.86
2024-03-28_11.txt,www.unimelb.edu.au,5,146.97.130.237,5.41
2024-03-28_11.txt,www.unimelb.edu.au,6,146.97.35.217,5.6
2024-03-28_11.txt,www.unimelb.edu.au,7,146.97.33.5,6.18
2024-03-28_11.txt,www.unimelb.edu.au,8,146.97.33.22,9.82
2024-03-28_11.txt,www.unimelb.edu.au,9,146.97.33.42,13.4
2024-03-28_11.txt,www.unimelb.edu.au,10,146.97.35.190,11.89
2024-03-28_11.txt,www.unimelb.edu.au,11,162.158.32.34,15.85
2024-03-28_11.txt,www.unimelb.edu.au,12,162.158.32.45,12.65
2024-03-28_11.txt,www.unimelb.edu.au,13,104.18.17.217,11.83
2024-03-28_11.txt,www5.usp.br,1,139.222.0.1,1.28
2024-03-28_11.txt,www5.usp.br,2,10.0.0.1,6.61
2024-03-28_11.txt,www5.usp.br,3,193.62.92.125,0.65
2024-03-28_11.txt,www5.usp.br,4,10.11.1.0,0.92
2024-03-28_11.txt,www5.usp.br,5,146.97.130.237,5.82
2024-03-28_11.txt,www5.usp.br,6,146.97.35.217,5.7
2024-03-28_11.txt,www5.usp.br,7,146.97.33.5,6.5
2024-03-28_11.txt,www5.usp.br,8,146.97.33.1,7.86
2024-03-28_11.txt,www5.usp.br,9,62.40.124.197,8.51
2024-03-28_11.txt,www5.usp.br,10,62.40.98.65,39.65
2024-03-28_11.txt,www5.usp.br,11,62.40.98.107,39.61
2024-03-28_11.txt,www5.usp.br,12,62.40.98.222,39.62
2024-03-28_11.txt,www5.usp.br,13,62.40.98.221,36.17
2024-03-28_11.txt,www5.usp.br,14,62.40.98.92,41.06
2024-03-28_11.txt,www5.usp.br,15,62.40.127.151,101.83
2024-03-28_11.txt,www5.usp.br,16,200.0.204.33,142.36
2024-03-28_11.txt,www5.usp.br,17,200.0.204.214,141.38
2024-03-28_11.txt,www5.usp.br,19,143.107.249.38,142.84
2024-03-28_15.txt,www.harvard.edu,1,139.222.0.1,2.85
2024-03-28_15.txt,www.harvard.edu,2,10.0.0.1,16.28
2024-03-28_15.txt,www.harvard.edu,3,193.62.92.125,1.76
2024-03-28_15.txt,www.harvard.edu,4,10.11.1.0,1.65
2024-03-28_15.txt,www.harvard.edu,5,146.97.130.237,6.34
2024-03-28_15.txt,www.harvard.edu,6,146.97.35.217,10.41
2024-03-28_15.txt,www.harvard.edu,7,146.97.33.61,6.53
2024-03-28_15.txt,www.harvard.edu,8,146.97.35.18,6.16
2024-03-28_15.txt,www.cuhk.edu.hk,1,139.222.0.1,3.54
2024-03-28_15.txt,www.cuhk.edu.hk,2,10.0.0.1,8.35
2024-03-28_15.txt,www.cuhk.edu.hk,3,193.62.92.125,2.39
2024-03-28_15.txt,www.cuhk.edu.hk,4,10.11.1.0,2.31
2024-03-28_15.txt,www.cuhk.edu.hk,5,146.97.130.237,6.44
2024-03-28_15.txt,www.cuhk.edu.hk,6,146.97.35.217,6.23
2024-03-28_15.txt,www.cuhk.edu.hk,7,146.97.35.182,6.55
2024-03-28_15.txt,www.cuhk.edu.hk,8,99.82.180.146,7.49
2024-03-28_15.txt,www.unimelb.edu.au,1,139.222.0.1,1.3
2024-03-28_15.txt,www.unimelb.edu.au,2,10.0.0.1,9.52
2024-03-28_15.txt,www.unimelb.edu.au,3,193.62.92.125,0.7
2024-03-28_15.txt,www.unimelb.edu.au,4,10.11.1.0,1.31
2024-03-28_15.txt,www.unimelb.edu.au,5,146.97.130.237,5.8
2024-03-28_15.txt,www.unimelb.edu.au,6,146.97.35.217,5.73
2024-03-28_15.txt,www.unimelb.edu.au,7,146.97.33.5,6.18
2024-03-28_15.txt,www.unimelb.edu.au,8,146.97.33.22,10.21
2024-03-28_15.txt,www.unimelb.edu.au,9,146.97.33.42,12.61
2024-03-28_15.txt,www.unimelb.edu.au,10,146.97.35.190,11.86
2024-03-28_15.txt,www.unimelb.edu.au,11,162.158.32.34,12.68
2024-03-28_15.txt,www.unimelb.edu.au,12,162.158.32.45,15.7
2024-03-28_15.txt,www.unimelb.edu.au,13,104.18.16.217,11.75
2024-03-28_15.txt,www5.usp.br,1,139.222.0.1,1.77
2024-03-28_15.txt,www5.usp.br,2,10.0.0.1,7.36
2024-03-28_15.txt,www5.usp.br,3,193.62.92.125,1.47
2024-03-28_15.txt,www5.usp.br,4,10.11.1.0,1.41
2024-03-28_15.txt,www5.usp.br,5,146.97.130.237,6.57
2024-03-28_15.txt,www5.usp.br,6,146.97.35.217,5.82
2024-03-28_15.txt,www5.usp.br,7,146.97.33.5,6.41
2024-03-28_15.txt,www5.usp.br,8,146.97.33.1,6.55
2024-03-28_15.txt,www5.usp.br,9,62.40.124.197,6.99
2024-03-28_15.txt,www5.usp.br,10,62.40.98.65,38.66
2024-03-28_15.txt,www5.usp.br,11,62.40.98.107,39.9
2024-03-28_15.txt,www5.usp.br,12,62.40.98.222,39.27
2024-03-28_15.txt,www5.usp.br,13,62.40.98.221,35.48
2024-03-28_15.txt,www5.usp.br,14,62.40.98.92,39.26
2024-03-28_15.txt,www5.usp.br,15,62.40.127.151,101.96
2024-03-28_15.txt,www5.usp.br,16,200.0.204.33,142.38
2024-03-28_15.txt,www5.usp.br,17,200.0.204.214,146.52
2024-03-28_15.txt,www5.usp.br,19,143.107.249.38,147.78
2024-03-28_01.txt,www.harvard.edu,1,139.222.0.1,1.41
2024-03-28_01.txt,www.harvard.edu,2,10.0.0.1,6.9
2024-03-28_01.txt,www.harvard.edu,3,193.62.92.125,1.18
2024-03-28_01.txt,www.harvard.edu,4,10.11.1.0,1.39
2024-03-28_01.txt,www.harvard.edu,5,146.97.130.237,5.7
2024-03-28_01.txt,www.harvard.edu,6,146.97.35.217,6.74
2024-03-28_01.txt,www.harvard.edu,7,146.97.33.61,5.78
2024-03-28_01.txt,www.harvard.edu,8,146.97.35.18,5.5
2024-03-28_01.txt,www.cuhk.edu.hk,1,139.222.0.1,3.03
2024-03-28_01.txt,www.cuhk.edu.hk,2,10.0.0.1,8.28
2024-03-28_01.txt,www.cuhk.edu.hk,3,193.62.92.125,2.05
2024-03-28_01.txt,www.cuhk.edu.hk,4,10.11.1.0,2.42
2024-03-28_01.txt,www.cuhk.edu.hk,5,146.97.130.237,6.44
2024-03-28_01.txt,www.cuhk.edu.hk,6,146.97.35.217,6.8
2024-03-28_01.txt,www.cuhk.edu.hk,7,146.97.35.182,6.69
2024-03-28_01.txt,www.cuhk.edu.hk,8,99.82.180.146,7.27
2024-03-28_01.txt,www.unimelb.edu.au,1,139.222.0.1,1.56
2024-03-28_01.txt,www.unimelb.edu.au,2,10.0.0.1,13.68
2024-03-28_01.txt,www.unimelb.edu.au,3,193.62.92.125,1.3
2024-03-28_01.txt,www.unimelb.edu.au,4,10.11.1.0,1.19
2024-03-28_01.txt,www.unimelb.edu.au,5,146.97.130.237,5.61
2024-03-28_01.txt,www.unimelb.edu.au,6,146.97.35.217,11.98
2024-03-28_01.txt,www.unimelb.edu.au,7,146.97.33.29,8.85
2024-03-28_01.txt,www.unimelb.edu.au,8,146.97.33.49,10.6
2024-03-28_01.txt,www.unimelb.edu.au,9,146.97.33.45,20.21
2024-03-28_01.txt,www.unimelb.edu.au,10,146.97.35.190,13.42
2024-03-28_01.txt,www.unimelb.edu.au,11,162.158.32.34,22.1
2024-03-28_01.txt,www.unimelb.edu.au,12,162.158.32.45,13.14
2024-03-28_01.txt,www.unimelb.edu.au,13,104.18.16.217,13.34
2024-03-28_01.txt,www5.usp.br,1,139.222.0.1,1.87
2024-03-28_01.txt,www5.usp.br,2,10.0.0.1,7.15
2024-03-28_01.txt,www5.usp.br,3,193.62.92.125,1.11
2024-03-28_01.txt,www5.usp.br,4,10.11.1.0,1.44
2024-03-28_01.txt,www5.usp.br,5,146.97.130.237,14.08
2024-03-28_01.txt,www5.usp.br,6,146.97.35.217,6.52
2024-03-28_01.txt,www5.usp.br,7,146.97.33.5,6.3
2024-03-28_01.txt,www5.usp.br,8,146.97.33.1,7.16
2024-03-28_01.txt,www5.usp.br,9,62.40.124.197,7.26
2024-03-28_01.txt,www5.usp.br,10,62.40.98.65,40.04
2024-03-28_01.txt,www5.usp.br,11,62.40.98.107,39.85
2024-03-28_01.txt,www5.usp.br,12,62.40.98.222,39.82
2024-03-28_01.txt,www5.usp.br,13,62.40.98.221,35.8
2024-03-28_01.txt,www5.usp.br,14,62.40.98.92,38.68
2024-03-28_01.txt,www5.usp.br,15,62.40.127.151,101.86
2024-03-28_01.txt,www5.usp.br,16,200.0.204.33,142.17
2024-03-28_01.txt,www5.usp.br,17,200.0.204.214,142.16
2024-03-28_01.txt,www5.usp.br,19,143.107.249.38,142.39
2024-03-28_00.txt,www.harvard.edu,1,139.222.0.1,1.1
2024-03-28_00.txt,www.harvard.edu,2,10.0.0.1,7.25
2024-03-28_00.txt,www.harvard.edu,3,193.62.92.125,0.75
2024-03-28_00.txt,www.harvard.edu,4,10.11.1.0,1.3
2024-03-28_00.txt,www.harvard.edu,5,146.97.130.237,5.76
2024-03-28_00.txt,www.harvard.edu,6,146.97.35.217,5.66
2024-03-28_00.txt,www.harvard.edu,7,146.97.33.61,6.71
2024-03-28_00.txt,www.harvard.edu,8,146.97.35.18,5.51
2024-03-28_00.txt,www.cuhk.edu.hk,1,139.222.0.1,1.36
2024-03-28_00.txt,www.cuhk.edu.hk,2,10.0.0.1,6.95
2024-03-28_00.txt,www.cuhk.edu.hk,3,193.62.92.125,0.75
2024-03-28_00.txt,www.cuhk.edu.hk,4,10.11.1.0,1.07
2024-03-28_00.txt,www.cuhk.edu.hk,5,146.97.130.237,5.5
2024-03-28_00.txt,www.cuhk.edu.hk,6,146.97.35.217,6.04
2024-03-28_00.txt,www.cuhk.edu.hk,7,146.97.35.182,6.85
2024-03-28_00.txt,www.cuhk.edu.hk,8,99.82.180.146,14.26
2024-03-28_00.txt,www.unimelb.edu.au,1,139.222.0.1,1.33
2024-03-28_00.txt,www.unimelb.edu.au,2,10.0.0.1,7.14
2024-03-28_00.txt,www.unimelb.edu.au,3,193.62.92.125,0.72
2024-03-28_00.txt,www.unimelb.edu.au,4,10.11.1.0,0.9
2024-03-28_00.txt,www.unimelb.edu.au,5,146.97.130.237,5.5
2024-03-28_00.txt,www.unimelb.edu.au,6,146.97.35.217,6.51
2024-03-28_00.txt,www.unimelb.edu.au,7,146.97.33.29,10.04
2024-03-28_00.txt,www.unimelb.edu.au,8,146.97.33.49,10.63
2024-03-28_00.txt,www.unimelb.edu.au,9,146.97.33.45,12.96
2024-03-28_00.txt,www.unimelb.edu.au,10,146.97.35.190,12.98
2024-03-28_00.txt,www.unimelb.edu.au,11,162.158.32.34,35.21
2024-03-28_00.txt,www.unimelb.edu.au,12,162.158.32.45,14.09
2024-03-28_00.txt,www.unimelb.edu.au,13,104.18.16.217,15.28
2024-03-28_00.txt,www5.usp.br,1,139.222.0.1,1.97
2024-03-28_00.txt,www5.usp.br,2,10.0.0.1,8.52
2024-03-28_00.txt,www5.usp.br,3,193.62.92.125,1.13
2024-03-28_00.txt,www5.usp.br,4,10.11.1.0,1.3
2024-03-28_00.txt,www5.usp.br,5,146.97.130.237,5.85
2024-03-28_00.txt,www5.usp.br,6,146.97.35.217,6.43
2024-03-28_00.txt,www5.usp.br,7,146.97.33.5,7.06
2024-03-28_00.txt,www5.usp.br,8,146.97.33.1,7.17
2024-03-28_00.txt,www5.usp.br,9,62.40.124.197,8.03
2024-03-28_00.txt,www5.usp.br,10,62.40.98.65,39.0
2024-03-28_00.txt,www5.usp.br,11,62.40.98.107,39.21
2024-03-28_00.txt,www5.usp.br,12,62.40.98.222,38.88
2024-03-28_00.txt,www5.usp.br,13,62.40.98.221,35.04
2024-03-28_00.txt,www5.usp.br,14,62.40.98.92,39.93
2024-03-28_00.txt,www5.usp.br,15,62.40.127.151,101.23
2024-03-28_00.txt,www5.usp.br,16,200.0.204.33,142.5
2024-03-28_00.txt,www5.usp.br,17,200.0.204.214,142.49
2024-03-28_00.txt,www5.usp.br,19,143.107.249.38,142.82
2024-03-28_14.txt,www.harvard.edu,1,139.222.0.1,1.73
2024-03-28_14.txt,www.harvard.edu,2,10.0.0.1,7.07
2024-03-28_14.txt,www.harvard.edu,3,193.62.92.125,0.65
2024-03-28_14.txt,www.harvard.edu,4,10.11.1.0,0.91
2024-03-28_14.txt,www.harvard.edu,5,146.97.130.237,5.53
2024-03-28_14.txt,www.harvard.edu,6,146.97.35.217,5.45
2024-03-28_14.txt,www.harvard.edu,7,146.97.33.61,5.46
2024-03-28_14.txt,www.harvard.edu,8,146.97.35.18,5.51
2024-03-28_14.txt,www.cuhk.edu.hk,1,139.222.0.1,1.58
2024-03-28_14.txt,www.cuhk.edu.hk,2,10.0.0.1,8.03
2024-03-28_14.txt,www.cuhk.edu.hk,3,193.62.92.125,1.23
2024-03-28_14.txt,www.cuhk.edu.hk,4,10.11.1.0,1.25
2024-03-28_14.txt,www.cuhk.edu.hk,5,146.97.130.237,5.47
2024-03-28_14.txt,www.cuhk.edu.hk,6,146.97.35.217,6.62
2024-03-28_14.txt,www.cuhk.edu.hk,7,146.97.35.182,8.07
2024-03-28_14.txt,www.cuhk.edu.hk,8,99.82.180.146,7.79
2024-03-28_14.txt,www.unimelb.edu.au,1,139.222.0.1,4.44
2024-03-28_14.txt,www.unimelb.edu.au,2,10.0.0.1,10.29
2024-03-28_14.txt,www.unimelb.edu.au,3,193.62.92.125,0.82
2024-03-28_14.txt,www.unimelb.edu.au,4,10.11.1.0,1.04
2024-03-28_14.txt,www.unimelb.edu.au,5,146.97.130.237,5.92
2024-03-28_14.txt,www.unimelb.edu.au,6,146.97.35.217,5.76
2024-03-28_14.txt,www.unimelb.edu.au,7,146.97.33.5,6.33
2024-03-28_14.txt,www.unimelb.edu.au,8,146.97.33.22,10.0
2024-03-28_14.txt,www.unimelb.edu.au,9,146.97.33.42,11.87
2024-03-28_14.txt,www.unimelb.edu.au,10,146.97.35.190,12.44
2024-03-28_14.txt,www.unimelb.edu.au,11,162.158.32.34,12.97
2024-03-28_14.txt,www.unimelb.edu.au,12,162.158.32.45,12.76
2024-03-28_14.txt,www.unimelb.edu.au,13,104.18.16.217,11.99
2024-03-28_14.txt,www5.usp.br,1,139.222.0.1,4.23
2024-03-28_14.txt,www5.usp.br,2,10.0.0.1,7.09
2024-03-28_14.txt,www5.usp.br,3,193.62.92.125,2.19
2024-03-28_14.txt,www5.usp.br,4,10.11.1.0,3.77
2024-03-28_14.txt,www5.usp.br,5,146.97.130.237,5.67
2024-03-28_14.txt,www5.usp.br,6,146.97.35.217,5.89
2024-03-28_14.txt,www5.usp.br,7,146.97.33.5,6.62
2024-03-28_14.txt,www5.usp.br,8,146.97.33.1,6.45
2024-03-28_14.txt,www5.usp.br,9,62.40.124.197,6.98
2024-03-28_14.txt,www5.usp.br,10,62.40.98.65,39.15
2024-03-28_14.txt,www5.usp.br,11,62.40.98.107,39.3
2024-03-28_14.txt,www5.usp.br,12,62.40.98.222,39.09
2024-03-28_14.txt,www5.usp.br,13,62.40.98.221,36.04
2024-03-28_14.txt,www5.usp.br,14,62.40.98.92,39.26
2024-03-28_14.txt,www5.usp.br,15,62.40.127.151,102.33
2024-03-28_14.txt,www5.usp.br,16,200.0.204.33,142.27
2024-03-28_14.txt,www5.usp.br,17,200.0.204.214,141.9
2024-03-28_14.txt,www5.usp.br,19,143.107.249.38,142.97
2024-03-28_02.txt,www.harvard.edu,1,139.222.0.1,0.96
2024-03-28_02.txt,www.harvard.edu,2,10.0.0.1,7.07
2024-03-28_02.txt,www.harvard.edu,3,193.62.92.125,0.67
2024-03-28_02.txt,www.harvard.edu,4,10.11.1.0,0.86
2024-03-28_02.txt,www.harvard.edu,5,146.97.130.237,5.96
2024-03-28_02.txt,www.harvard.edu,6,146.97.35.217,6.6
2024-03-28_02.txt,www.harvard.edu,7,146.97.33.61,7.04
2024-03-28_02.txt,www.harvard.edu,8,146.97.35.18,6.75
2024-03-28_02.txt,www.cuhk.edu.hk,1,139.222.0.1,1.74
2024-03-28_02.txt,www.cuhk.edu.hk,2,10.0.0.1,11.75
2024-03-28_02.txt,www.cuhk.edu.hk,3,193.62.92.125,1.48
2024-03-28_02.txt,www.cuhk.edu.hk,4,10.11.1.0,1.56
2024-03-28_02.txt,www.cuhk.edu.hk,5,146.97.130.237,5.65
2024-03-28_02.txt,www.cuhk.edu.hk,6,146.97.35.217,6.39
2024-03-28_02.txt,www.cuhk.edu.hk,7,146.97.33.61,7.05
2024-03-28_02.txt,www.cuhk.edu.hk,8,146.97.35.194,6.42
2024-03-28_02.txt,www.cuhk.edu.hk,9,62.115.175.106,5.92
2024-03-28_02.txt,www.cuhk.edu.hk,10,62.115.138.168,6.63
2024-03-28_02.txt,www.cuhk.edu.hk,11,62.115.135.25,14.07
2024-03-28_02.txt,www.cuhk.edu.hk,12,80.91.248.131,34.3
2024-03-28_02.txt,www.cuhk.edu.hk,22,52.84.66.109,29.88
2024-03-28_02.txt,www.unimelb.edu.au,1,139.222.0.1,0.91
2024-03-28_02.txt,www.unimelb.edu.au,2,10.0.0.1,3.95
2024-03-28_02.txt,www.unimelb.edu.au,3,193.62.92.125,0.84
2024-03-28_02.txt,www.unimelb.edu.au,4,10.11.1.0,1.46
2024-03-28_02.txt,www.unimelb.edu.au,5,146.97.130.237,5.68
2024-03-28_02.txt,www.unimelb.edu.au,6,146.97.35.217,5.78
2024-03-28_02.txt,www.unimelb.edu.au,7,146.97.33.29,8.97
2024-03-28_02.txt,www.unimelb.edu.au,8,146.97.33.49,10.47
2024-03-28_02.txt,www.unimelb.edu.au,9,146.97.33.45,13.35
2024-03-28_02.txt,www.unimelb.edu.au,10,146.97.35.190,13.49
2024-03-28_02.txt,www.unimelb.edu.au,11,162.158.32.34,16.56
2024-03-28_02.txt,www.unimelb.edu.au,12,162.158.32.45,13.38
2024-03-28_02.txt,www.unimelb.edu.au,13,104.18.17.217,13.27
2024-03-28_02.txt,www5.usp.br,1,139.222.0.1,1.66
2024-03-28_02.txt,www5.usp.br,2,10.0.0.1,7.21
2024-03-28_02.txt,www5.usp.br,3,193.62.92.125,2.06
2024-03-28_02.txt,www5.usp.br,4,10.11.1.0,1.8
2024-03-28_02.txt,www5.usp.br,5,146.97.130.237,7.0
2024-03-28_02.txt,www5.usp.br,6,146.97.35.217,5.73
2024-03-28_02.txt,www5.usp.br,7,146.97.33.5,6.48
2024-03-28_02.txt,www5.usp.br,8,146.97.33.1,6.97
2024-03-28_02.txt,www5.usp.br,9,62.40.124.197,7.44
2024-03-28_02.txt,www5.usp.br,10,62.40.98.65,39.61
2024-03-28_02.txt,www5.usp.br,11,62.40.98.107,39.63
2024-03-28_02.txt,www5.usp.br,12,62.40.98.222,39.06
2024-03-28_02.txt,www5.usp.br,13,62.40.98.221,36.35
2024-03-28_02.txt,www5.usp.br,14,62.40.98.92,39.31
2024-03-28_02.txt,www5.usp.br,15,62.40.127.151,101.02
2024-03-28_02.txt,www5.usp.br,16,200.0.204.33,142.02
2024-03-28_02.txt,www5.usp.br,17,200.0.204.214,141.89
2024-03-28_02.txt,www5.usp.br,19,143.107.249.38,142.9
2024-03-28_03.txt,www.harvard.edu,1,139.222.0.1,1.2
2024-03-28_03.txt,www.harvard.edu,2,10.0.0.1,9.42
2024-03-28_03.txt,www.harvard.edu,3,193.62.92.125,0.74
2024-03-28_03.txt,www.harvard.edu,4,10.11.1.0,2.74
2024-03-28_03.txt,www.harvard.edu,5,146.97.130.237,5.53
2024-03-28_03.txt,www.harvard.edu,6,146.97.35.217,5.41
2024-03-28_03.txt,www.harvard.edu,7,146.97.33.61,5.81
2024-03-28_03.txt,www.harvard.edu,8,146.97.35.18,5.84
2024-03-28_03.txt,www.cuhk.edu.hk,1,139.222.0.1,1.57
2024-03-28_03.txt,www.cuhk.edu.hk,2,10.0.0.1,6.73
2024-03-28_03.txt,www.cuhk.edu.hk,3,193.62.92.125,0.96
2024-03-28_03.txt,www.cuhk.edu.hk,4,10.11.1.0,1.02
2024-03-28_03.txt,www.cuhk.edu.hk,5,146.97.130.237,5.9
2024-03-28_03.txt,www.cuhk.edu.hk,6,146.97.35.217,6.2
2024-03-28_03.txt,www.cuhk.edu.hk,7,146.97.35.182,6.44
2024-03-28_03.txt,www.cuhk.edu.hk,8,99.82.180.146,6.64
2024-03-28_03.txt,www.unimelb.edu.au,1,139.222.0.1,1.21
2024-03-28_03.txt,www.unimelb.edu.au,2,10.0.0.1,6.75
2024-03-28_03.txt,www.unimelb.edu.au,3,193.62.92.125,0.74
2024-03-28_03.txt,www.unimelb.edu.au,4,10.11.1.0,0.93
2024-03-28_03.txt,www.unimelb.edu.au,5,146.97.130.237,5.86
2024-03-28_03.txt,www.unimelb.edu.au,6,146.97.35.217,5.92
2024-03-28_03.txt,www.unimelb.edu.au,7,146.97.33.29,9.87
2024-03-28_03.txt,www.unimelb.edu.au,8,146.97.33.49,10.58
2024-03-28_03.txt,www.unimelb.edu.au,9,146.97.33.45,13.27
2024-03-28_03.txt,www.unimelb.edu.au,10,146.97.35.190,12.82
2024-03-28_03.txt,www.unimelb.edu.au,11,162.158.32.34,28.21
2024-03-28_03.txt,www.unimelb.edu.au,12,162.158.32.45,13.35
2024-03-28_03.txt,www.unimelb.edu.au,13,104.18.17.217,13.05
2024-03-28_03.txt,www5.usp.br,1,139.222.0.1,11.6
2024-03-28_03.txt,www5.usp.br,2,10.0.0.1,8.46
2024-03-28_03.txt,www5.usp.br,3,193.62.92.125,0.73
2024-03-28_03.txt,www5.usp.br,4,10.11.1.0,0.99
2024-03-28_03.txt,www5.usp.br,5,146.97.130.237,5.33
2024-03-28_03.txt,www5.usp.br,6,146.97.35.217,5.51
2024-03-28_03.txt,www5.usp.br,7,146.97.33.5,6.11
2024-03-28_03.txt,www5.usp.br,8,146.97.33.1,6.4
2024-03-28_03.txt,www5.usp.br,9,62.40.124.197,6.51
2024-03-28_03.txt,www5.usp.br,10,62.40.98.65,38.52
2024-03-28_03.txt,www5.usp.br,11,62.40.98.107,38.84
2024-03-28_03.txt,www5.usp.br,12,62.40.98.222,39.13
2024-03-28_03.txt,www5.usp.br,13,62.40.98.221,35.02
2024-03-28_03.txt,www5.usp.br,14,62.40.98.92,38.51
2024-03-28_03.txt,www5.usp.br,15,62.40.127.151,100.87
2024-03-28_03.txt,www5.usp.br,16,200.0.204.33,141.25
2024-03-28_03.txt,www5.usp.br,17,200.0.204.214,143.17
2024-03-28_03.txt,www5.usp.br,19,143.107.249.38,142.34
2024-03-27_21.txt,www.harvard.edu,1,139.222.0.1,1.29
2024-03-27_21.txt,www.harvard.edu,2,10.0.0.1,7.49
2024-03-27_21.txt,www.harvard.edu,3,193.62.92.125,0.7
2024-03-27_21.txt,www.harvard.edu,4,10.11.1.0,0.86
2024-03-27_21.txt,www.harvard.edu,5,146.97.130.237,5.46
2024-03-27_21.txt,www.harvard.edu,6,146.97.35.217,5.42
2024-03-27_21.txt,www.harvard.edu,7,146.97.33.61,12.57
2024-03-27_21.txt,www.harvard.edu,8,146.97.35.18,5.5
2024-03-27_21.txt,www.cuhk.edu.hk,1,139.222.0.1,3.09
2024-03-27_21.txt,www.cuhk.edu.hk,2,10.0.0.1,9.19
2024-03-27_21.txt,www.cuhk.edu.hk,3,193.62.92.125,1.36
2024-03-27_21.txt,www.cuhk.edu.hk,4,10.11.1.0,2.85
2024-03-27_21.txt,www.cuhk.edu.hk,5,146.97.130.237,5.66
2024-03-27_21.txt,www.cuhk.edu.hk,6,146.97.35.217,28.76
2024-03-27_21.txt,www.cuhk.edu.hk,7,146.97.35.182,6.55
2024-03-27_21.txt,www.cuhk.edu.hk,8,99.82.180.146,7.66
2024-03-27_21.txt,www.unimelb.edu.au,1,139.222.0.1,1.44
2024-03-27_21.txt,www.unimelb.edu.au,2,10.0.0.1,13.99
2024-03-27_21.txt,www.unimelb.edu.au,3,193.62.92.125,0.66
2024-03-27_21.txt,www.unimelb.edu.au,4,10.11.1.0,0.85
2024-03-27_21.txt,www.unimelb.edu.au,5,146.97.130.237,5.58
2024-03-27_21.txt,www.unimelb.edu.au,6,146.97.35.217,5.53
2024-03-27_21.txt,www.unimelb.edu.au,7,146.97.33.5,7.11
2024-03-27_21.txt,www.unimelb.edu.au,8,146.97.33.22,10.55
2024-03-27_21.txt,www.unimelb.edu.au,9,146.97.33.42,11.98
2024-03-27_21.txt,www.unimelb.edu.au,10,146.97.35.190,12.08
2024-03-27_21.txt,www.unimelb.edu.au,11,162.158.32.34,18.22
2024-03-27_21.txt,www.unimelb.edu.au,12,162.158.32.45,13.17
2024-03-27_21.txt,www.unimelb.edu.au,13,104.18.17.217,12.39
2024-03-27_21.txt,www5.usp.br,1,139.222.0.1,1.49
2024-03-27_21.txt,www5.usp.br,2,10.0.0.1,6.84
2024-03-27_21.txt,www5.usp.br,3,193.62.92.125,1.37
2024-03-27_21.txt,www5.usp.br,4,10.11.1.0,1.23
2024-03-27_21.txt,www5.usp.br,5,146.97.130.237,5.51
2024-03-27_21.txt,www5.usp.br,6,146.97.35.217,5.58
2024-03-27_21.txt,www5.usp.br,7,146.97.33.5,6.56
2024-03-27_21.txt,www5.usp.br,8,146.97.33.1,6.59
2024-03-27_21.txt,www5.usp.br,9,62.40.124.197,6.78
2024-03-27_21.txt,www5.usp.br,10,62.40.98.65,39.07
2024-03-27_21.txt,www5.usp.br,11,62.40.98.107,39.38
2024-03-27_21.txt,www5.usp.br,12,62.40.98.222,39.36
2024-03-27_21.txt,www5.usp.br,13,62.40.98.221,35.41
2024-03-27_21.txt,www5.usp.br,14,62.40.98.92,38.52
2024-03-27_21.txt,www5.usp.br,15,62.40.127.151,101.83
2024-03-27_21.txt,www5.usp.br,16,200.0.204.33,142.29
2024-03-27_21.txt,www5.usp.br,17,200.0.204.214,141.82
2024-03-27_21.txt,www5.usp.br,19,143.107.249.38,142.28
2024-03-27_20.txt,www.harvard.edu,1,139.222.0.1,1.17
2024-03-27_20.txt,www.harvard.edu,2,10.0.0.1,7.43
2024-03-27_20.txt,www.harvard.edu,3,193.62.92.125,0.75
2024-03-27_20.txt,www.harvard.edu,4,10.11.1.0,0.96
2024-03-27_20.txt,www.harvard.edu,5,146.97.130.237,9.11
2024-03-27_20.txt,www.harvard.edu,6,146.97.35.217,5.91
2024-03-27_20.txt,www.harvard.edu,7,146.97.33.61,5.78
2024-03-27_20.txt,www.harvard.edu,8,146.97.35.18,5.69
2024-03-27_20.txt,www.cuhk.edu.hk,1,139.222.0.1,1.43
2024-03-27_20.txt,www.cuhk.edu.hk,3,193.62.92.125,0.91
2024-03-27_20.txt,www.cuhk.edu.hk,4,10.11.1.0,1.0
2024-03-27_20.txt,www.cuhk.edu.hk,5,146.97.130.237,5.9
2024-03-27_20.txt,www.cuhk.edu.hk,6,146.97.35.217,6.18
2024-03-27_20.txt,www.cuhk.edu.hk,7,146.97.35.182,6.99
2024-03-27_20.txt,www.cuhk.edu.hk,8,99.82.180.146,6.82
2024-03-27_20.txt,www.unimelb.edu.au,1,139.222.0.1,2.82
2024-03-27_20.txt,www.unimelb.edu.au,2,10.0.0.1,6.46
2024-03-27_20.txt,www.unimelb.edu.au,3,193.62.92.125,1.3
2024-03-27_20.txt,www.unimelb.edu.au,4,10.11.1.0,1.38
2024-03-27_20.txt,www.unimelb.edu.au,5,146.97.130.237,5.84
2024-03-27_20.txt,www.unimelb.edu.au,6,146.97.35.217,5.72
2024-03-27_20.txt,www.unimelb.edu.au,7,146.97.33.5,6.08
2024-03-27_20.txt,www.unimelb.edu.au,8,146.97.33.22,9.94
2024-03-27_20.txt,www.unimelb.edu.au,9,146.97.33.42,12.05
2024-03-27_20.txt,www.unimelb.edu.au,10,146.97.35.190,11.99
2024-03-27_20.txt,www.unimelb.edu.au,11,162.158.32.34,12.56
2024-03-27_20.txt,www.unimelb.edu.au,12,162.158.32.45,50.7
2024-03-27_20.txt,www.unimelb.edu.au,13,104.18.16.217,11.94
2024-03-27_20.txt,www5.usp.br,1,139.222.0.1,2.02
2024-03-27_20.txt,www5.usp.br,2,10.0.0.1,7.42
2024-03-27_20.txt,www5.usp.br,3,193.62.92.125,1.48
2024-03-27_20.txt,www5.usp.br,4,10.11.1.0,1.78
2024-03-27_20.txt,www5.usp.br,5,146.97.130.237,7.03
2024-03-27_20.txt,www5.usp.br,6,146.97.35.217,6.85
2024-03-27_20.txt,www5.usp.br,7,146.97.33.5,6.6
2024-03-27_20.txt,www5.usp.br,8,146.97.33.1,6.77
2024-03-27_20.txt,www5.usp.br,9,62.40.124.197,8.8
2024-03-27_20.txt,www5.usp.br,10,62.40.98.65,39.55
2024-03-27_20.txt,www5.usp.br,11,62.40.98.107,39.52
2024-03-27_20.txt,www5.usp.br,12,62.40.98.222,42.02
2024-03-27_20.txt,www5.usp.br,13,62.40.98.221,41.25
2024-03-27_20.txt,www5.usp.br,14,62.40.98.92,39.49
2024-03-27_20.txt,www5.usp.br,15,62.40.127.151,102.13
2024-03-27_20.txt,www5.usp.br,16,200.0.204.33,141.69
2024-03-27_20.txt,www5.usp.br,17,200.0.204.214,143.04
2024-03-27_20.txt,www5.usp.br,19,143.107.249.38,144.05
2024-03-27_22.txt,www.harvard.edu,1,139.222.0.1,1.0
2024-03-27_22.txt,www.harvard.edu,2,10.0.0.1,10.85
2024-03-27_22.txt,www.harvard.edu,3,193.62.92.125,0.67
2024-03-27_22.txt,www.harvard.edu,4,10.11.1.0,0.95
2024-03-27_22.txt,www.harvard.edu,5,146.97.130.237,5.43
2024-03-27_22.txt,www.harvard.edu,6,146.97.35.217,5.64
2024-03-27_22.txt,www.harvard.edu,7,146.97.33.61,5.55
2024-03-27_22.txt,www.harvard.edu,8,146.97.35.18,5.44
2024-03-27_22.txt,www.cuhk.edu.hk,1,139.222.0.1,13.69
2024-03-27_22.txt,www.cuhk.edu.hk,2,10.0.0.1,7.45
2024-03-27_22.txt,www.cuhk.edu.hk,3,193.62.92.125,1.57
2024-03-27_22.txt,www.cuhk.edu.hk,4,10.11.1.0,1.58
2024-03-27_22.txt,www.cuhk.edu.hk,5,146.97.130.237,5.99
2024-03-27_22.txt,www.cuhk.edu.hk,6,146.97.35.217,24.11
2024-03-27_22.txt,www.cuhk.edu.hk,7,146.97.35.182,6.59
2024-03-27_22.txt,www.cuhk.edu.hk,8,99.82.180.146,7.01
2024-03-27_22.txt,www.unimelb.edu.au,1,139.222.0.1,1.68
2024-03-27_22.txt,www.unimelb.edu.au,2,10.0.0.1,7.06
2024-03-27_22.txt,www.unimelb.edu.au,3,193.62.92.125,0.81
2024-03-27_22.txt,www.unimelb.edu.au,4,10.11.1.0,1.2
2024-03-27_22.txt,www.unimelb.edu.au,5,146.97.130.237,5.67
2024-03-27_22.txt,www.unimelb.edu.au,6,146.97.35.217,5.91
2024-03-27_22.txt,www.unimelb.edu.au,7,146.97.33.5,6.41
2024-03-27_22.txt,www.unimelb.edu.au,8,146.97.33.22,9.86
2024-03-27_22.txt,www.unimelb.edu.au,9,146.97.33.42,13.34
2024-03-27_22.txt,www.unimelb.edu.au,10,146.97.35.190,12.0
2024-03-27_22.txt,www.unimelb.edu.au,11,162.158.32.34,13.17
2024-03-27_22.txt,www.unimelb.edu.au,12,162.158.32.45,12.77
2024-03-27_22.txt,www.unimelb.edu.au,13,104.18.17.217,11.85
2024-03-27_22.txt,www5.usp.br,1,139.222.0.1,3.3
2024-03-27_22.txt,www5.usp.br,2,10.0.0.1,7.35
2024-03-27_22.txt,www5.usp.br,3,193.62.92.125,1.16
2024-03-27_22.txt,www5.usp.br,4,10.11.1.0,1.27
2024-03-27_22.txt,www5.usp.br,5,146.97.130.237,5.73
2024-03-27_22.txt,www5.usp.br,6,146.97.35.217,6.23
2024-03-27_22.txt,www5.usp.br,7,146.97.33.5,6.82
2024-03-27_22.txt,www5.usp.br,8,146.97.33.1,6.59
2024-03-27_22.txt,www5.usp.br,9,62.40.124.197,6.82
2024-03-27_22.txt,www5.usp.br,10,62.40.98.65,39.18
2024-03-27_22.txt,www5.usp.br,11,62.40.98.107,39.32
2024-03-27_22.txt,www5.usp.br,12,62.40.98.222,38.9
2024-03-27_22.txt,www5.usp.br,13,62.40.98.221,35.37
2024-03-27_22.txt,www5.usp.br,14,62.40.98.92,38.91
2024-03-27_22.txt,www5.usp.br,15,62.40.127.151,102.25
2024-03-27_22.txt,www5.usp.br,16,200.0.204.33,142.38
2024-03-27_22.txt,www5.usp.br,17,200.0.204.214,141.92
2024-03-27_22.txt,www5.usp.br,19,143.107.249.38,142.61
2024-03-27_23.txt,www.harvard.edu,1,139.222.0.1,1.19
2024-03-27_23.txt,www.harvard.edu,2,10.0.0.1,7.54
2024-03-27_23.txt,www.harvard.edu,3,193.62.92.125,0.69
2024-03-27_23.txt,www.harvard.edu,4,10.11.1.0,0.97
2024-03-27_23.txt,www.harvard.edu,5,146.97.130.237,5.66
2024-03-27_23.txt,www.harvard.edu,6,146.97.35.217,5.58
2024-03-27_23.txt,www.harvard.edu,7,146.97.33.61,8.17
2024-03-27_23.txt,www.harvard.edu,8,146.97.35.18,6.53
2024-03-27_23.txt,www.cuhk.edu.hk,1,139.222.0.1,1.24
2024-03-27_23.txt,www.cuhk.edu.hk,2,10.0.0.1,6.66
2024-03-27_23.txt,www.cuhk.edu.hk,3,193.62.92.125,0.79
2024-03-27_23.txt,www.cuhk.edu.hk,4,10.11.1.0,1.24
2024-03-27_23.txt,www.cuhk.edu.hk,5,146.97.130.237,5.61
2024-03-27_23.txt,www.cuhk.edu.hk,6,146.97.35.217,5.84
2024-03-27_23.txt,www.cuhk.edu.hk,7,146.97.35.182,6.97
2024-03-27_23.txt,www.cuhk.edu.hk,8,99.82.180.146,9.88
2024-03-27_23.txt,www.unimelb.edu.au,1,139.222.0.1,2.58
2024-03-27_23.txt,www.unimelb.edu.au,2,10.0.0.1,10.74
2024-03-27_23.txt,www.unimelb.edu.au,3,193.62.92.125,1.73
2024-03-27_23.txt,www.unimelb.edu.au,4,10.11.1.0,1.98
2024-03-27_23.txt,www.unimelb.edu.au,5,146.97.130.237,5.96
2024-03-27_23.txt,www.unimelb.edu.au,6,146.97.35.217,5.77
2024-03-27_23.txt,www.unimelb.edu.au,7,146.97.33.5,6.22
2024-03-27_23.txt,www.unimelb.edu.au,8,146.97.33.22,10.37
2024-03-27_23.txt,www.unimelb.edu.au,9,146.97.33.42,13.58
2024-03-27_23.txt,www.unimelb.edu.au,10,146.97.35.190,14.13
2024-03-27_23.txt,www.unimelb.edu.au,11,162.158.32.34,13.0
2024-03-27_23.txt,www.unimelb.edu.au,12,162.158.32.45,12.74
2024-03-27_23.txt,www.unimelb.edu.au,13,104.18.17.217,12.36
2024-03-27_23.txt,www5.usp.br,1,139.222.0.1,0.93
2024-03-27_23.txt,www5.usp.br,2,10.0.0.1,6.86
2024-03-27_23.txt,www5.usp.br,3,193.62.92.125,0.83
2024-03-27_23.txt,www5.usp.br,4,10.11.1.0,1.27
2024-03-27_23.txt,www5.usp.br,5,146.97.130.237,5.56
2024-03-27_23.txt,www5.usp.br,6,146.97.35.217,5.7
2024-03-27_23.txt,www5.usp.br,7,146.97.33.5,15.08
2024-03-27_23.txt,www5.usp.br,8,146.97.33.1,15.32
2024-03-27_23.txt,www5.usp.br,9,62.40.124.197,6.66
2024-03-27_23.txt,www5.usp.br,10,62.40.98.65,38.88
2024-03-27_23.txt,www5.usp.br,11,62.40.98.107,39.39
2024-03-27_23.txt,www5.usp.br,12,62.40.98.222,39.3
2024-03-27_23.txt,www5.usp.br,13,62.40.98.221,35.9
2024-03-27_23.txt,www5.usp.br,14,62.40.98.92,39.72
2024-03-27_23.txt,www5.usp.br,15,62.40.127.151,101.36
2024-03-27_23.txt,www5.usp.br,16,200.0.204.33,141.36
2024-03-27_23.txt,www5.usp.br,17,200.0.204.214,141.61
2024-03-27_23.txt,www5.usp.br,19,143.107.249.38,142.69
2024-03-27_19.txt,www.harvard.edu,1,139.222.0.1,2.33
2024-03-27_19.txt,www.harvard.edu,2,10.0.0.1,13.21
2024-03-27_19.txt,www.harvard.edu,3,193.62.92.125,1.62
2024-03-27_19.txt,www.harvard.edu,4,10.11.1.0,1.65
2024-03-27_19.txt,www.harvard.edu,5,146.97.130.237,6.22
2024-03-27_19.txt,www.harvard.edu,6,146.97.35.217,5.77
2024-03-27_19.txt,www.harvard.edu,7,146.97.33.61,5.53
2024-03-27_19.txt,www.harvard.edu,8,146.97.35.18,5.64
2024-03-27_19.txt,www.harvard.edu,1,139.222.0.1,3.39
2024-03-27_19.txt,www.harvard.edu,2,10.0.0.1,7.85
2024-03-27_19.txt,www.harvard.edu,3,193.62.92.125,0.71
2024-03-27_19.txt,www.harvard.edu,4,10.11.1.0,0.89
2024-03-27_19.txt,www.harvard.edu,5,146.97.130.237,5.58
2024-03-27_19.txt,www.harvard.edu,6,146.97.35.217,5.5
2024-03-27_19.txt,www.harvard.edu,7,146.97.33.61,5.54
2024-03-27_19.txt,www.harvard.edu,8,146.97.35.18,5.52
2024-03-27_19.txt,www.cuhk.edu.hk,1,139.222.0.1,3.27
2024-03-27_19.txt,www.cuhk.edu.hk,2,10.0.0.1,8.84
2024-03-27_19.txt,www.cuhk.edu.hk,3,193.62.92.125,2.18
2024-03-27_19.txt,www.cuhk.edu.hk,4,10.11.1.0,2.08
2024-03-27_19.txt,www.cuhk.edu.hk,5,146.97.130.237,6.21
2024-03-27_19.txt,www.cuhk.edu.hk,6,146.97.35.217,7.03
2024-03-27_19.txt,www.cuhk.edu.hk,7,146.97.35.182,7.36
2024-03-27_19.txt,www.cuhk.edu.hk,8,99.82.180.146,7.56
2024-03-27_19.txt,www.cuhk.edu.hk,1,139.222.0.1,12.65
2024-03-27_19.txt,www.cuhk.edu.hk,2,10.0.0.1,7.31
2024-03-27_19.txt,www.cuhk.edu.hk,3,193.62.92.125,2.41
2024-03-27_19.txt,www.cuhk.edu.hk,4,10.11.1.0,2.25
2024-03-27_19.txt,www.cuhk.edu.hk,5,146.97.130.237,5.76
2024-03-27_19.txt,www.cuhk.edu.hk,6,146.97.35.217,6.46
2024-03-27_19.txt,www.cuhk.edu.hk,7,146.97.35.182,7.64
2024-03-27_19.txt,www.cuhk.edu.hk,8,99.82.180.146,7.36
2024-03-27_19.txt,www.unimelb.edu.au,1,139.222.0.1,1.92
2024-03-27_19.txt,www.unimelb.edu.au,2,10.0.0.1,27.75
2024-03-27_19.txt,www.unimelb.edu.au,3,193.62.92.125,1.77
2024-03-27_19.txt,www.unimelb.edu.au,4,10.11.1.0,1.55
2024-03-27_19.txt,www.unimelb.edu.au,5,146.97.130.237,5.54
2024-03-27_19.txt,www.unimelb.edu.au,6,146.97.35.217,7.55
2024-03-27_19.txt,www.unimelb.edu.au,7,146.97.33.5,6.59
2024-03-27_19.txt,www.unimelb.edu.au,8,146.97.33.22,10.03
2024-03-27_19.txt,www.unimelb.edu.au,9,146.97.33.42,21.6
2024-03-27_19.txt,www.unimelb.edu.au,10,146.97.35.190,31.66
2024-03-27_19.txt,www.unimelb.edu.au,11,162.158.32.34,13.36
2024-03-27_19.txt,www.unimelb.edu.au,12,162.158.32.45,17.84
2024-03-27_19.txt,www.unimelb.edu.au,13,104.18.16.217,12.56
2024-03-27_19.txt,www5.usp.br,1,139.222.0.1,14.03
2024-03-27_19.txt,www5.usp.br,2,10.0.0.1,7.67
2024-03-27_19.txt,www5.usp.br,3,193.62.92.125,0.85
2024-03-27_19.txt,www5.usp.br,4,10.11.1.0,0.95
2024-03-27_19.txt,www5.usp.br,5,146.97.130.237,5.48
2024-03-27_19.txt,www5.usp.br,6,146.97.35.217,5.68
2024-03-27_19.txt,www5.usp.br,7,146.97.33.5,6.48
2024-03-27_19.txt,www5.usp.br,8,146.97.33.1,6.75
2024-03-27_19.txt,www5.usp.br,9,62.40.124.197,6.64
2024-03-27_19.txt,www5.usp.br,10,62.40.98.65,39.56
2024-03-27_19.txt,www5.usp.br,11,62.40.98.107,39.0
2024-03-27_19.txt,www5.usp.br,12,62.40.98.222,39.68
2024-03-27_19.txt,www5.usp.br,13,62.40.98.221,35.76
2024-03-27_19.txt,www5.usp.br,14,62.40.98.92,38.96
2024-03-27_19.txt,www5.usp.br,15,62.40.127.151,101.88
2024-03-27_19.txt,www5.usp.br,16,200.0.204.33,142.1
2024-03-27_19.txt,www5.usp.br,17,200.0.204.214,141.54
2024-03-27_19.txt,www5.usp.br,19,143.107.249.38,142.88
2024-03-28_08.txt,www.harvard.edu,1,139.222.0.1,1.82
2024-03-28_08.txt,www.harvard.edu,2,10.0.0.1,7.38
2024-03-28_08.txt,www.harvard.edu,3,193.62.92.125,1.1
2024-03-28_08.txt,www.harvard.edu,4,10.11.1.0,1.22
2024-03-28_08.txt,www.harvard.edu,5,146.97.130.237,5.5
2024-03-28_08.txt,www.harvard.edu,6,146.97.35.217,5.45
2024-03-28_08.txt,www.harvard.edu,7,146.97.33.61,6.41
2024-03-28_08.txt,www.harvard.edu,8,146.97.35.18,5.81
2024-03-28_08.txt,www.cuhk.edu.hk,1,139.222.0.1,6.76
2024-03-28_08.txt,www.cuhk.edu.hk,2,10.0.0.1,30.18
2024-03-28_08.txt,www.cuhk.edu.hk,3,193.62.92.125,1.91
2024-03-28_08.txt,www.cuhk.edu.hk,4,10.11.1.0,1.9
2024-03-28_08.txt,www.cuhk.edu.hk,5,146.97.130.237,6.39
2024-03-28_08.txt,www.cuhk.edu.hk,6,146.97.35.217,7.04
2024-03-28_08.txt,www.cuhk.edu.hk,7,146.97.35.182,6.74
2024-03-28_08.txt,www.cuhk.edu.hk,8,99.82.180.146,7.3
2024-03-28_08.txt,www.unimelb.edu.au,1,139.222.0.1,1.8
2024-03-28_08.txt,www.unimelb.edu.au,2,10.0.0.1,14.91
2024-03-28_08.txt,www.unimelb.edu.au,3,193.62.92.125,0.93
2024-03-28_08.txt,www.unimelb.edu.au,4,10.11.1.0,1.02
2024-03-28_08.txt,www.unimelb.edu.au,5,146.97.130.237,5.61
2024-03-28_08.txt,www.unimelb.edu.au,6,146.97.35.217,5.63
2024-03-28_08.txt,www.unimelb.edu.au,7,146.97.33.5,6.21
2024-03-28_08.txt,www.unimelb.edu.au,8,146.97.33.22,10.03
2024-03-28_08.txt,www.unimelb.edu.au,9,146.97.33.42,11.79
2024-03-28_08.txt,www.unimelb.edu.au,10,146.97.35.190,11.81
2024-03-28_08.txt,www.unimelb.edu.au,11,162.158.32.34,12.76
2024-03-28_08.txt,www.unimelb.edu.au,12,162.158.32.45,13.17
2024-03-28_08.txt,www.unimelb.edu.au,13,104.18.17.217,11.76
2024-03-28_08.txt,www5.usp.br,1,139.222.0.1,7.1
2024-03-28_08.txt,www5.usp.br,2,10.0.0.1,21.13
2024-03-28_08.txt,www5.usp.br,3,193.62.92.125,0.94
2024-03-28_08.txt,www5.usp.br,4,10.11.1.0,1.19
2024-03-28_08.txt,www5.usp.br,5,146.97.130.237,5.9
2024-03-28_08.txt,www5.usp.br,6,146.97.35.217,5.83
2024-03-28_08.txt,www5.usp.br,7,146.97.33.5,6.03
2024-03-28_08.txt,www5.usp.br,8,146.97.33.1,6.76
2024-03-28_08.txt,www5.usp.br,9,62.40.124.197,6.76
2024-03-28_08.txt,www5.usp.br,10,62.40.98.65,39.03
2024-03-28_08.txt,www5.usp.br,11,62.40.98.107,38.96
2024-03-28_08.txt,www5.usp.br,12,62.40.98.222,39.53
2024-03-28_08.txt,www5.usp.br,13,62.40.98.221,35.93
2024-03-28_08.txt,www5.usp.br,14,62.40.98.92,40.02
2024-03-28_08.txt,www5.usp.br,15,62.40.127.151,101.33
2024-03-28_08.txt,www5.usp.br,16,200.0.204.33,141.98
2024-03-28_08.txt,www5.usp.br,17,200.0.204.214,141.08
2024-03-28_08.txt,www5.usp.br,19,143.107.249.38,142.19
2024-03-28_09.txt,www.harvard.edu,1,139.222.0.1,1.68
2024-03-28_09.txt,www.harvard.edu,2,10.0.0.1,6.9
2024-03-28_09.txt,www.harvard.edu,3,193.62.92.125,0.67
2024-03-28_09.txt,www.harvard.edu,4,10.11.1.0,1.31
2024-03-28_09.txt,www.harvard.edu,5,146.97.130.237,8.62
2024-03-28_09.txt,www.harvard.edu,6,146.97.35.217,5.84
2024-03-28_09.txt,www.harvard.edu,7,146.97.33.61,6.07
2024-03-28_09.txt,www.harvard.edu,8,146.97.35.18,6.81
2024-03-28_09.txt,www.cuhk.edu.hk,1,139.222.0.1,1.44
2024-03-28_09.txt,www.cuhk.edu.hk,2,10.0.0.1,6.93
2024-03-28_09.txt,www.cuhk.edu.hk,3,193.62.92.125,1.21
2024-03-28_09.txt,www.cuhk.edu.hk,4,10.11.1.0,1.07
2024-03-28_09.txt,www.cuhk.edu.hk,5,146.97.130.237,5.93
2024-03-28_09.txt,www.cuhk.edu.hk,6,146.97.35.217,8.41
2024-03-28_09.txt,www.cuhk.edu.hk,7,146.97.35.182,6.97
2024-03-28_09.txt,www.cuhk.edu.hk,8,99.82.180.146,6.81
2024-03-28_09.txt,www.unimelb.edu.au,1,139.222.0.1,1.05
2024-03-28_09.txt,www.unimelb.edu.au,2,10.0.0.1,6.45
2024-03-28_09.txt,www.unimelb.edu.au,3,193.62.92.125,0.8
2024-03-28_09.txt,www.unimelb.edu.au,4,10.11.1.0,1.4
2024-03-28_09.txt,www.unimelb.edu.au,5,146.97.130.237,5.38
2024-03-28_09.txt,www.unimelb.edu.au,6,146.97.35.217,5.83
2024-03-28_09.txt,www.unimelb.edu.au,7,146.97.33.5,8.0
2024-03-28_09.txt,www.unimelb.edu.au,8,146.97.33.22,10.16
2024-03-28_09.txt,www.unimelb.edu.au,9,146.97.33.42,11.62
2024-03-28_09.txt,www.unimelb.edu.au,10,146.97.35.190,11.95
2024-03-28_09.txt,www.unimelb.edu.au,11,162.158.32.34,12.58
2024-03-28_09.txt,www.unimelb.edu.au,12,162.158.32.45,12.73
2024-03-28_09.txt,www.unimelb.edu.au,13,104.18.16.217,11.8
2024-03-28_09.txt,www5.usp.br,1,139.222.0.1,1.93
2024-03-28_09.txt,www5.usp.br,2,10.0.0.1,17.28
2024-03-28_09.txt,www5.usp.br,3,193.62.92.125,1.14
2024-03-28_09.txt,www5.usp.br,4,10.11.1.0,1.54
2024-03-28_09.txt,www5.usp.br,5,146.97.130.237,5.52
2024-03-28_09.txt,www5.usp.br,6,146.97.35.217,6.52
2024-03-28_09.txt,www5.usp.br,7,146.97.33.5,6.82
2024-03-28_09.txt,www5.usp.br,8,146.97.33.1,7.25
2024-03-28_09.txt,www5.usp.br,9,62.40.124.197,7.48
2024-03-28_09.txt,www5.usp.br,10,62.40.98.65,39.33
2024-03-28_09.txt,www5.usp.br,11,62.40.98.107,39.38
2024-03-28_09.txt,www5.usp.br,12,62.40.98.222,39.59
2024-03-28_09.txt,www5.usp.br,13,62.40.98.221,35.94
2024-03-28_09.txt,www5.usp.br,14,62.40.98.92,38.74
2024-03-28_09.txt,www5.usp.br,15,62.40.127.151,102.33
2024-03-28_09.txt,www5.usp.br,16,200.0.204.33,141.84
2024-03-28_09.txt,www5.usp.br,17,200.0.204.214,141.79
2024-03-28_09.txt,www5.usp.br,19,143.107.249.38,142.19
